"directors","titleType","genres","numVotes","weightedRating"
"nm0000490","tvSpecial","Comedy",464,6.2
"nm0000490","tvSpecial","Comedy,Documentary",521,7
"nm0000490","tvSpecial","Comedy,Drama",580,5.8
"nm0000965","tvSpecial","Sport",2991,8.3
"nm0001281","tvSpecial","Comedy",86,6.6
"nm0001281","tvSpecial","Comedy",91,6.2
"nm0001281","tvSpecial","Comedy",255,7
"nm0001281","tvSpecial","Comedy",433,7.4
"nm0001281","tvSpecial","Comedy",799,6.5
"nm0001281","tvSpecial","Comedy",2299,7.2
"nm0001281","tvSpecial","Comedy",2788,6.6
"nm0001281","tvSpecial","Comedy,Documentary",895,7.3
"nm0001281","tvSpecial","Comedy,Family",24,6.9
"nm0001705","tvSpecial","Comedy,Documentary",9,7
"nm0002704","tvSpecial","Comedy",354,7.2
"nm0002704","tvSpecial","Comedy",1518,6.5
"nm0002704","tvSpecial","Comedy",1698,6.6
"nm0003400","tvSpecial","Comedy,Documentary",7,7.2
"nm0003474","tvSpecial","Comedy",16,7.8
"nm0003474","tvSpecial","Comedy",190,7.4
"nm0003474","tvSpecial","Comedy",206,3.7
"nm0003474","tvSpecial","Comedy",429,5.6
"nm0003474","tvSpecial","Comedy",504,6.6
"nm0003474","tvSpecial","Comedy",547,6.9
"nm0003474","tvSpecial","Comedy",676,6.1
"nm0003474","tvSpecial","Comedy",1037,6.9
"nm0003474","tvSpecial","Comedy",1107,7.3
"nm0003474","tvSpecial","Comedy,Documentary",169,6.9
"nm0003474","tvSpecial","Comedy,Documentary",197,5.5
"nm0003474","tvSpecial","Comedy,Documentary",268,5.1
"nm0003474","tvSpecial","Comedy,Documentary",381,5.7
"nm0003474","tvSpecial","Comedy,Documentary",661,6.3
"nm0003620","tvSpecial","Comedy",737,5.8
"nm0005069","tvSpecial","Comedy",4799,7.5
"nm0005069","tvSpecial","Comedy,Short",46,5.7
"nm0007179","tvSpecial","Documentary,Musical",14,8.5
"nm0007179","tvSpecial","Music",9,9.2
"nm0007179","tvSpecial","Musical",26,5.1
"nm0007179","tvSpecial","News",12,9
"nm0007179","tvSpecial","Talk-Show",7,9.4
"nm0007179","tvSpecial","Talk-Show",42,4.8
"nm0007179","tvSpecial","Talk-Show",60,3.4
"nm0008408","tvSpecial","Musical",10,7.2
"nm0020039","tvSpecial","Comedy",323,4.4
"nm0024063","tvSpecial","Comedy,Music",19,6.3
"nm0038875","tvSpecial","Comedy",22,7.4
"nm0038875","tvSpecial","Comedy",26,7.9
"nm0038875","tvSpecial","Comedy,Documentary",342,6.2
"nm0038875","tvSpecial","Comedy,Documentary",835,5.7
"nm0038875","tvSpecial","Comedy,Documentary",995,7.9
"nm0039407","tvSpecial","Music",9,7.8
"nm0040631","tvSpecial","Music",20,7.4
"nm0040631","tvSpecial","Music",33,8.5
"nm0042796","tvSpecial","Adventure,Animation,Comedy",494,6.6
"nm0051972","tvSpecial","Comedy",269,6.7
"nm0051972","tvSpecial","Comedy",657,6.6
"nm0051972","tvSpecial","Comedy",1246,5.8
"nm0051972","tvSpecial","Comedy",1251,6.7
"nm0051972","tvSpecial","Comedy",1476,7.2
"nm0051972","tvSpecial","Comedy",1489,6.8
"nm0051972","tvSpecial","Comedy",1491,6.6
"nm0051972","tvSpecial","Comedy",1850,7.3
"nm0051972","tvSpecial","Comedy",2350,6.9
"nm0051972","tvSpecial","Comedy,Documentary",82,5.5
"nm0051972","tvSpecial","Comedy,Documentary",180,7.5
"nm0051972","tvSpecial","Comedy,Talk-Show",43,6.5
"nm0055385","tvSpecial","Music",24,7.6
"nm0075728","tvSpecial","Comedy",5,5.8
"nm0075728","tvSpecial","Comedy",381,7.3
"nm0082802","tvSpecial","Comedy",10053,8.2
"nm0092884","tvSpecial","Reality-TV",157,7.2
"nm0094397","tvSpecial","Comedy",132,6.3
"nm0094397","tvSpecial","Comedy",5546,7
"nm0106230","tvSpecial","Comedy",279,4.9
"nm0109273","tvSpecial","Comedy,Documentary",9,6.4
"nm0120046","tvSpecial","Talk-Show",7,7.4
"nm0122745","tvSpecial","Reality-TV",21,6
"nm0125753","tvSpecial","Comedy",16,7.2
"nm0127373","tvSpecial","Comedy",33,7.1
"nm0127373","tvSpecial","Comedy",6297,7.9
"nm0127373","tvSpecial","Comedy",9126,8.4
"nm0127373","tvSpecial","Comedy",9785,7.6
"nm0127373","tvSpecial","Comedy",11671,8.4
"nm0130549","tvSpecial","Comedy",682,6.3
"nm0139018","tvSpecial","News",10,7.1
"nm0139081","tvSpecial","Reality-TV",277,8.3
"nm0139285","tvSpecial","Comedy",60,6.4
"nm0141448","tvSpecial","Comedy,Music",52,7.5
"nm0141448","tvSpecial","Documentary",70,6.9
"nm0141448","tvSpecial","Music",24,8.5
"nm0141448","tvSpecial","News",47,6.3
"nm0141448","tvSpecial","News",49,7.2
"nm0141448","tvSpecial","News",65,6.1
"nm0141448","tvSpecial","News",70,6.4
"nm0141448","tvSpecial","News",81,6.9
"nm0151540","tvSpecial","Comedy",232,5.7
"nm0152401","tvSpecial","Comedy",41,5.9
"nm0152401","tvSpecial","Comedy",48,5.4
"nm0152401","tvSpecial","Comedy",52,6
"nm0152401","tvSpecial","Comedy",53,6.2
"nm0152401","tvSpecial","Comedy",57,5.9
"nm0152401","tvSpecial","Comedy",64,5.8
"nm0152401","tvSpecial","Comedy",68,5.9
"nm0152401","tvSpecial","Comedy",79,6.4
"nm0152401","tvSpecial","Comedy",82,6.5
"nm0152401","tvSpecial","Comedy",108,6.2
"nm0152401","tvSpecial","Comedy",116,6.9
"nm0152401","tvSpecial","Comedy",121,6.9
"nm0152401","tvSpecial","Comedy",123,7.1
"nm0152401","tvSpecial","Comedy",137,6.8
"nm0152401","tvSpecial","Comedy",142,5.7
"nm0152401","tvSpecial","Comedy",146,7
"nm0152401","tvSpecial","Comedy",150,5.8
"nm0152401","tvSpecial","Comedy",175,6.3
"nm0152401","tvSpecial","Comedy",183,7.2
"nm0152401","tvSpecial","Comedy",228,7.3
"nm0152401","tvSpecial","Comedy",244,6.9
"nm0152401","tvSpecial","Comedy",260,6.5
"nm0152401","tvSpecial","Comedy",305,4.5
"nm0152401","tvSpecial","Comedy",327,6.8
"nm0152401","tvSpecial","Comedy",353,7.2
"nm0152401","tvSpecial","Comedy",422,7.8
"nm0152401","tvSpecial","Comedy",458,7.2
"nm0152401","tvSpecial","Comedy",583,6.6
"nm0152401","tvSpecial","Comedy",811,6.8
"nm0152401","tvSpecial","Comedy",827,5.6
"nm0152401","tvSpecial","Comedy",965,6.6
"nm0152401","tvSpecial","Comedy",1979,6.7
"nm0152401","tvSpecial","Comedy,Documentary",73,6.9
"nm0152401","tvSpecial","Comedy,Documentary",85,7
"nm0152401","tvSpecial","Comedy,Documentary",101,6.2
"nm0152401","tvSpecial","Comedy,Documentary",108,3.6
"nm0152401","tvSpecial","Comedy,Documentary",126,6.8
"nm0152401","tvSpecial","Comedy,Documentary",159,5
"nm0152401","tvSpecial","Comedy,Documentary",161,7.4
"nm0152401","tvSpecial","Comedy,Documentary",234,7.3
"nm0152401","tvSpecial","Comedy,Documentary",347,7.5
"nm0152401","tvSpecial","Comedy,Documentary",410,7.3
"nm0152401","tvSpecial","Comedy,Documentary",804,7.2
"nm0152401","tvSpecial","Comedy,Documentary",2102,7.6
"nm0152401","tvSpecial","Comedy,Documentary",2472,7.8
"nm0152401","tvSpecial","Comedy,Music",62,3.6
"nm0160840","tvSpecial","Comedy",2278,5.7
"nm0169680","tvSpecial","Comedy",12,7.7
"nm0169712","tvSpecial","Comedy",129,7.8
"nm0171381","tvSpecial","Comedy",1611,6.5
"nm0171381","tvSpecial","Music",7,7.3
"nm0171381","tvSpecial","Music",10,8
"nm0171381","tvSpecial","Music",14,4.4
"nm0171381","tvSpecial","Music",21,7.06666666666667
"nm0171381","tvSpecial","Music",35,7.8
"nm0171381","tvSpecial","Music,News,Reality-TV",28,8.2
"nm0171381","tvSpecial","Music,Reality-TV",245,6.1
"nm0171381","tvSpecial","Musical",28,8.8
"nm0171381","tvSpecial","Reality-TV",12,6.5
"nm0171381","tvSpecial","Reality-TV",17,6.1
"nm0210454","tvSpecial","Documentary,Reality-TV",16,6.5
"nm0210454","tvSpecial","Family",33,7
"nm0210454","tvSpecial","Family,Music",9,5.9
"nm0210454","tvSpecial","Music",17,8.4
"nm0210454","tvSpecial","Music",57,9.2
"nm0210454","tvSpecial","Music,Musical",203,7.1
"nm0210454","tvSpecial","News",13,6.4
"nm0210454","tvSpecial","News",130,2.1
"nm0210454","tvSpecial","Reality-TV",7,3
"nm0210454","tvSpecial","Reality-TV",57,6
"nm0210454","tvSpecial","Reality-TV",86,2.8
"nm0210454","tvSpecial","Reality-TV",112,3.1
"nm0218039","tvSpecial","Comedy",88,5.5
"nm0218039","tvSpecial","Comedy",1027,7.4
"nm0218039","tvSpecial","Comedy,Documentary",192,7.9
"nm0218039","tvSpecial","Documentary",12,5.9
"nm0218039","tvSpecial","Family,Music",9,9
"nm0218039","tvSpecial","Family,Musical,News",7,8
"nm0218039","tvSpecial","Horror",11,8
"nm0218039","tvSpecial","Music",6,3.2
"nm0218039","tvSpecial","Music",9,9.1
"nm0218039","tvSpecial","Music",10,4.2
"nm0218039","tvSpecial","Music",11,9.4
"nm0218039","tvSpecial","Music",12,6.6
"nm0218039","tvSpecial","Music",13,5.4
"nm0218039","tvSpecial","Music",14,7
"nm0218039","tvSpecial","Music",15,7.2
"nm0218039","tvSpecial","Music",17,4
"nm0218039","tvSpecial","Music",25,7.5
"nm0218039","tvSpecial","Music",29,7.4
"nm0218039","tvSpecial","Music",30,3.9
"nm0218039","tvSpecial","Music",43,7.8
"nm0218039","tvSpecial","Music",64,6.9
"nm0218039","tvSpecial","Music",90,8.2
"nm0218039","tvSpecial","Music",207,7
"nm0218039","tvSpecial","Music",654,3.8
"nm0218039","tvSpecial","Music,Reality-TV,Short",93,7.9
"nm0218039","tvSpecial","News",12,7.5
"nm0218039","tvSpecial","News",26,5.1
"nm0218752","tvSpecial","Comedy",14,6.3
"nm0218752","tvSpecial","Comedy",23,3.5
"nm0218752","tvSpecial","Comedy",38,6.4
"nm0218752","tvSpecial","Documentary,Music",77,7.6
"nm0218752","tvSpecial","Family",11,5.4
"nm0218752","tvSpecial","Family",16,8.1
"nm0218752","tvSpecial","Family",269,6.7
"nm0218752","tvSpecial","Family,News",150,6.1
"nm0218752","tvSpecial","Music",7,7.4
"nm0218752","tvSpecial","Music",9,6.3
"nm0218752","tvSpecial","Music",10,9.8
"nm0218752","tvSpecial","Music",16,9.3
"nm0218752","tvSpecial","Music",23,7.9
"nm0218752","tvSpecial","Music",28,4.3
"nm0218752","tvSpecial","Music",32,7.9
"nm0218752","tvSpecial","Music,Reality-TV",14,7.2
"nm0218752","tvSpecial","News",18,5.5
"nm0218752","tvSpecial","News",29,7.1
"nm0218752","tvSpecial","News",43,6.9
"nm0218752","tvSpecial","News",136,5.8
"nm0218752","tvSpecial","News,Reality-TV",14,5.7
"nm0218752","tvSpecial","News,Reality-TV",47,5.5
"nm0218752","tvSpecial","News,Reality-TV,Talk-Show",34,6.7
"nm0218752","tvSpecial","Reality-TV",23,3.6
"nm0218752","tvSpecial","Sport",10,4.1
"nm0218752","tvSpecial","Sport",12,5.5
"nm0218752","tvSpecial","Sport",14,6.7
"nm0222615","tvSpecial","Comedy",8,6.1
"nm0224683","tvSpecial","Comedy",11,6.3
"nm0227295","tvSpecial","Comedy",109,6.5
"nm0227295","tvSpecial","Comedy",895,7.6
"nm0227295","tvSpecial","Comedy,Documentary",36,6.9
"nm0227295","tvSpecial","Comedy,Documentary",94,7.2
"nm0232962","tvSpecial","Comedy,Music,News",496,7.3
"nm0232962","tvSpecial","News",64,7
"nm0240211","tvSpecial","Documentary",14,4.6
"nm0240211","tvSpecial","Music",8,5.4
"nm0240211","tvSpecial","Music",11,8.2
"nm0240211","tvSpecial","News",32,6.2
"nm0240211","tvSpecial","News",138,5.7
"nm0240211","tvSpecial","Reality-TV",10,6.4
"nm0240211","tvSpecial","Reality-TV",14,7.2
"nm0240211","tvSpecial","Reality-TV",39,6.4
"nm0242658","tvSpecial","Action",17,6.9
"nm0242658","tvSpecial","Action",34,5.2
"nm0242658","tvSpecial","Action",102,5.9
"nm0242658","tvSpecial","Action",120,5.9
"nm0242658","tvSpecial","Action",187,6.7
"nm0242658","tvSpecial","Action",188,5.9
"nm0242658","tvSpecial","Action",208,7.1
"nm0242658","tvSpecial","Action",218,7.4
"nm0242658","tvSpecial","Action",223,7
"nm0242658","tvSpecial","Action",238,6.9
"nm0242658","tvSpecial","Action",299,7.9
"nm0242658","tvSpecial","Action",339,7.5
"nm0242658","tvSpecial","Action,Drama,Sport",557,6
"nm0242658","tvSpecial","Action,Reality-TV,Sport",289,6.5
"nm0242658","tvSpecial","Action,Short,Sport",111,6.1
"nm0242658","tvSpecial","Action,Short,Sport",162,6
"nm0242658","tvSpecial","Action,Sport",32,7.2
"nm0242658","tvSpecial","Action,Sport",71,7.2
"nm0242658","tvSpecial","Action,Sport",75,8.1
"nm0242658","tvSpecial","Action,Sport",86,6.2
"nm0242658","tvSpecial","Action,Sport",97,7.2
"nm0242658","tvSpecial","Action,Sport",116,6.6
"nm0242658","tvSpecial","Action,Sport",125,6.2
"nm0242658","tvSpecial","Action,Sport",126,6.75
"nm0242658","tvSpecial","Action,Sport",133,5.9
"nm0242658","tvSpecial","Action,Sport",139,6.5
"nm0242658","tvSpecial","Action,Sport",141,7.9
"nm0242658","tvSpecial","Action,Sport",145,7
"nm0242658","tvSpecial","Action,Sport",147,6.8
"nm0242658","tvSpecial","Action,Sport",149,6.9
"nm0242658","tvSpecial","Action,Sport",150,7
"nm0242658","tvSpecial","Action,Sport",153,7.2
"nm0242658","tvSpecial","Action,Sport",157,7.3
"nm0242658","tvSpecial","Action,Sport",161,5.8
"nm0242658","tvSpecial","Action,Sport",166,7.2
"nm0242658","tvSpecial","Action,Sport",170,7.2
"nm0242658","tvSpecial","Action,Sport",176,5.4
"nm0242658","tvSpecial","Action,Sport",178,4.8
"nm0242658","tvSpecial","Action,Sport",181,7.5
"nm0242658","tvSpecial","Action,Sport",182,7
"nm0242658","tvSpecial","Action,Sport",183,7
"nm0242658","tvSpecial","Action,Sport",185,7.6
"nm0242658","tvSpecial","Action,Sport",190,6.15
"nm0242658","tvSpecial","Action,Sport",197,5
"nm0242658","tvSpecial","Action,Sport",198,6.8
"nm0242658","tvSpecial","Action,Sport",207,6.15
"nm0242658","tvSpecial","Action,Sport",209,8.3
"nm0242658","tvSpecial","Action,Sport",210,4.6
"nm0242658","tvSpecial","Action,Sport",216,5.7
"nm0242658","tvSpecial","Action,Sport",218,8
"nm0242658","tvSpecial","Action,Sport",220,6
"nm0242658","tvSpecial","Action,Sport",223,8.7
"nm0242658","tvSpecial","Action,Sport",224,6.4
"nm0242658","tvSpecial","Action,Sport",225,6.5
"nm0242658","tvSpecial","Action,Sport",228,6.5
"nm0242658","tvSpecial","Action,Sport",231,7.1
"nm0242658","tvSpecial","Action,Sport",235,6.7
"nm0242658","tvSpecial","Action,Sport",239,7
"nm0242658","tvSpecial","Action,Sport",246,8.6
"nm0242658","tvSpecial","Action,Sport",250,6.2
"nm0242658","tvSpecial","Action,Sport",257,3.9
"nm0242658","tvSpecial","Action,Sport",261,7.1
"nm0242658","tvSpecial","Action,Sport",262,6
"nm0242658","tvSpecial","Action,Sport",278,6.3
"nm0242658","tvSpecial","Action,Sport",280,6.5
"nm0242658","tvSpecial","Action,Sport",285,6.9
"nm0242658","tvSpecial","Action,Sport",295,5.6
"nm0242658","tvSpecial","Action,Sport",297,7
"nm0242658","tvSpecial","Action,Sport",299,7.1
"nm0242658","tvSpecial","Action,Sport",303,7
"nm0242658","tvSpecial","Action,Sport",304,6.2
"nm0242658","tvSpecial","Action,Sport",308,6.5
"nm0242658","tvSpecial","Action,Sport",325,6.9
"nm0242658","tvSpecial","Action,Sport",327,7
"nm0242658","tvSpecial","Action,Sport",336,6.4
"nm0242658","tvSpecial","Action,Sport",343,7.5
"nm0242658","tvSpecial","Action,Sport",356,7.1
"nm0242658","tvSpecial","Action,Sport",363,7.1
"nm0242658","tvSpecial","Action,Sport",408,7.5
"nm0242658","tvSpecial","Action,Sport",418,6.2
"nm0242658","tvSpecial","Action,Sport",473,7.2
"nm0242658","tvSpecial","Action,Sport",483,8.7
"nm0242658","tvSpecial","Action,Sport",504,7
"nm0242658","tvSpecial","Action,Sport",517,7.1
"nm0242658","tvSpecial","Action,Sport",771,6.5
"nm0242658","tvSpecial","Action,Sport",1026,7.5
"nm0242658","tvSpecial","Action,Sport",1048,6.7
"nm0242658","tvSpecial","Action,Sport",1084,6.3
"nm0242658","tvSpecial","Action,Sport",1425,8
"nm0242658","tvSpecial","Action,Sport",1560,8.1
"nm0242658","tvSpecial","Short,Sport",102,6.8
"nm0242658","tvSpecial","Sport",30,6.3
"nm0242658","tvSpecial","Sport",33,7
"nm0242658","tvSpecial","Sport",37,7.7
"nm0242658","tvSpecial","Sport",39,7.8
"nm0242658","tvSpecial","Sport",53,7
"nm0242658","tvSpecial","Sport",58,7.9
"nm0242658","tvSpecial","Sport",72,7.4
"nm0242658","tvSpecial","Sport",91,7.3
"nm0242658","tvSpecial","Sport",105,7.4
"nm0242658","tvSpecial","Sport",107,7.7
"nm0242658","tvSpecial","Sport",157,7.3
"nm0242658","tvSpecial","Sport",170,5
"nm0242658","tvSpecial","Sport",171,6.2
"nm0242658","tvSpecial","Sport",228,6.5
"nm0242658","tvSpecial","Sport",231,6.5
"nm0242658","tvSpecial","Sport",232,6.1
"nm0242658","tvSpecial","Sport",236,5.8
"nm0242658","tvSpecial","Sport",239,6.5
"nm0242658","tvSpecial","Sport",256,6.6
"nm0242658","tvSpecial","Sport",261,6.3
"nm0242658","tvSpecial","Sport",276,6.7
"nm0242658","tvSpecial","Sport",285,6.6
"nm0242658","tvSpecial","Sport",307,6.3
"nm0242658","tvSpecial","Sport",313,6.7
"nm0242658","tvSpecial","Sport",320,7.4
"nm0242658","tvSpecial","Sport",325,6.9
"nm0242658","tvSpecial","Sport",335,6.6
"nm0242658","tvSpecial","Sport",492,7.2
"nm0275698","tvSpecial","Comedy",1419,6.1
"nm0284159","tvSpecial","Documentary,Music",616,2.8
"nm0284159","tvSpecial","Music",6,7.4
"nm0284159","tvSpecial","Music",9,9.8
"nm0287198","tvSpecial","Comedy,Documentary",879,6.2
"nm0300093","tvSpecial","Music",114,8.3
"nm0302778","tvSpecial","Comedy",612,6.4
"nm0302778","tvSpecial","Comedy",954,6.6
"nm0302778","tvSpecial","Comedy",1319,6.9
"nm0302778","tvSpecial","Comedy",1667,6.5
"nm0302778","tvSpecial","Comedy",1954,7.2
"nm0302778","tvSpecial","Comedy",2214,7
"nm0302778","tvSpecial","Comedy",4326,7.7
"nm0302778","tvSpecial","Comedy,Documentary",5443,7.7
"nm0302778","tvSpecial","Music",13,9.3
"nm0302778","tvSpecial","Music",14,7.8
"nm0302778","tvSpecial","Music",22,6.9
"nm0302778","tvSpecial","Music",32,7
"nm0302778","tvSpecial","Music",37,7.1
"nm0302778","tvSpecial","Music",41,8
"nm0302778","tvSpecial","Music",44,7.7
"nm0302778","tvSpecial","Music",45,6.2
"nm0302778","tvSpecial","Music",51,4.6
"nm0302778","tvSpecial","News",20,6.9
"nm0302778","tvSpecial","News",56,4.3
"nm0302778","tvSpecial","Reality-TV",15,6.6
"nm0302778","tvSpecial","Reality-TV",30,7.2
"nm0312290","tvSpecial","Biography,Music",186,8.6
"nm0312290","tvSpecial","Documentary",32,4.5
"nm0312290","tvSpecial","Music",17,8.2
"nm0312290","tvSpecial","Music",22,8.1
"nm0312290","tvSpecial","Music",43,7.5
"nm0312290","tvSpecial","Reality-TV",13,8.3
"nm0312290","tvSpecial","Reality-TV",21,7.7
"nm0312290","tvSpecial","Talk-Show",30,6.1
"nm0331819","tvSpecial","Action,Animation,Comedy",18,6.5
"nm0332985","tvSpecial","Reality-TV",25,7.3
"nm0344955","tvSpecial","Comedy",29,6.6
"nm0355960","tvSpecial","Comedy,Documentary",13,7.5
"nm0355960","tvSpecial","Comedy,Documentary",202,7.8
"nm0355960","tvSpecial","Comedy,Documentary",249,7.6
"nm0357143","tvSpecial","Comedy",61,7.4
"nm0357143","tvSpecial","Family",12,6.7
"nm0357143","tvSpecial","Family,Music",16,7.35
"nm0357143","tvSpecial","Family,Music",64,7.7
"nm0357143","tvSpecial","Music",6,8.6
"nm0357143","tvSpecial","Music",8,7.7
"nm0357143","tvSpecial","Music",9,6.7
"nm0357143","tvSpecial","Music",17,6.1
"nm0357143","tvSpecial","Music",22,7.1
"nm0357143","tvSpecial","Music",28,6.5
"nm0357143","tvSpecial","News",15,6.6
"nm0357143","tvSpecial","Sport",9,6.4
"nm0357895","tvSpecial","Comedy",423,6.1
"nm0357895","tvSpecial","Comedy,Documentary,Music",1760,8.3
"nm0357895","tvSpecial","Comedy,Music",53,6.5
"nm0357895","tvSpecial","Comedy,Music",309,5.6
"nm0357895","tvSpecial","Comedy,Music",3762,6.6
"nm0357895","tvSpecial","Documentary,Music,Musical",1781,8.9
"nm0357895","tvSpecial","Horror",69,6.7
"nm0357895","tvSpecial","Music",8,8.3
"nm0357895","tvSpecial","Music",12,5.7
"nm0357895","tvSpecial","Music",34,6.4
"nm0357895","tvSpecial","Music",47,4.5
"nm0357895","tvSpecial","Music",133,7.1
"nm0357895","tvSpecial","Music",134,4.2
"nm0357895","tvSpecial","Music",155,5.7
"nm0357895","tvSpecial","Music",185,5.5
"nm0357895","tvSpecial","Music",253,5.3
"nm0357895","tvSpecial","Music",275,5.1
"nm0357895","tvSpecial","Music",426,5.8
"nm0357895","tvSpecial","Music",4015,7.8
"nm0357895","tvSpecial","Music,Musical",46,6
"nm0357895","tvSpecial","Music,Musical",86,5.2
"nm0357895","tvSpecial","Music,Reality-TV,Short",170,2.2
"nm0357895","tvSpecial","Music,Short",573,7.1
"nm0357895","tvSpecial","Music,Short",906,8.4
"nm0357895","tvSpecial","Music,Short,Sport",197,8.1
"nm0357895","tvSpecial","News,Reality-TV",194,5.6
"nm0357895","tvSpecial","Reality-TV",337,8
"nm0357895","tvSpecial","Reality-TV",758,8.3
"nm0357895","tvSpecial","Sport",8,7.75
"nm0357895","tvSpecial","Sport",9,5.7
"nm0357895","tvSpecial","Sport",13,8.2
"nm0357895","tvSpecial","Sport",22,8.2
"nm0357895","tvSpecial","Sport",40,6.7
"nm0357895","tvSpecial","Talk-Show",24,7
"nm0357906","tvSpecial","Reality-TV",12,6.3
"nm0375973","tvSpecial","Drama",204,8
"nm0388637","tvSpecial","Music",13,4.3
"nm0388637","tvSpecial","Musical",7,8.7
"nm0394815","tvSpecial","Music",9,8.5
"nm0395776","tvSpecial","Comedy",282,4.3
"nm0395776","tvSpecial","Comedy",443,5.2
"nm0395776","tvSpecial","Comedy",777,7.3
"nm0395776","tvSpecial","Comedy",905,7
"nm0395776","tvSpecial","Comedy,Documentary",1061,6.7
"nm0395776","tvSpecial","Comedy,Music",783,7.4
"nm0395776","tvSpecial","Comedy,News",592,5.4
"nm0395776","tvSpecial","Music",8,9.2
"nm0395776","tvSpecial","Music",10,8.15
"nm0395776","tvSpecial","Music",11,6.1
"nm0395776","tvSpecial","Music",13,5.6
"nm0395776","tvSpecial","Music",15,6.7
"nm0395776","tvSpecial","Music",16,7
"nm0395776","tvSpecial","Music",17,6.8
"nm0395776","tvSpecial","Music",21,5.6
"nm0395776","tvSpecial","Music",35,9
"nm0395776","tvSpecial","Music",86,7.2
"nm0395776","tvSpecial","Music",105,8.4
"nm0395776","tvSpecial","Music",108,5.2
"nm0395776","tvSpecial","Music",138,6.3
"nm0395776","tvSpecial","Music",148,5.8
"nm0395776","tvSpecial","Music",151,5.2
"nm0395776","tvSpecial","Music",163,6.1
"nm0395776","tvSpecial","Music",167,4.4
"nm0395776","tvSpecial","Music",177,6.4
"nm0395776","tvSpecial","Music",182,6.3
"nm0395776","tvSpecial","Music",239,6.1
"nm0395776","tvSpecial","Music",410,6.4
"nm0395776","tvSpecial","Musical",14,9.7
"nm0395776","tvSpecial","Musical",17,6.8
"nm0395776","tvSpecial","Musical",34,8.1
"nm0395776","tvSpecial","Musical",48,6
"nm0395776","tvSpecial","News",384,6.8
"nm0395776","tvSpecial","News",651,5.5
"nm0395776","tvSpecial","News",700,7.1
"nm0395776","tvSpecial","News",830,6.8
"nm0395776","tvSpecial","News",842,7.4
"nm0395776","tvSpecial","News",909,7.2
"nm0410864","tvSpecial","Comedy",85,7.6
"nm0431908","tvSpecial","Comedy",34,6.8
"nm0438348","tvSpecial","Reality-TV",12,4.9
"nm0438348","tvSpecial","Reality-TV,Short",9,6.8
"nm0438348","tvSpecial","Reality-TV,Short",17,5.7
"nm0445625","tvSpecial","Reality-TV",8,6.2
"nm0454660","tvSpecial","Comedy",10,6.6
"nm0454660","tvSpecial","Comedy",20,3.6
"nm0454660","tvSpecial","Comedy",2066,8.1
"nm0456087","tvSpecial","Comedy",37,4.8
"nm0456087","tvSpecial","Comedy",38,7.2
"nm0456087","tvSpecial","Music",285,6.8
"nm0456232","tvSpecial","Documentary",13,7.4
"nm0458676","tvSpecial","Comedy",158,6.7
"nm0458676","tvSpecial","Comedy",239,7.7
"nm0458676","tvSpecial","Comedy",296,7.4
"nm0458676","tvSpecial","Comedy",1862,7.3
"nm0458676","tvSpecial","Comedy",2001,6.9
"nm0458676","tvSpecial","Comedy,Documentary",98,7.3
"nm0461536","tvSpecial","Comedy",15,7
"nm0461536","tvSpecial","Comedy",89,7.4
"nm0461536","tvSpecial","Comedy",740,6.5
"nm0461536","tvSpecial","Music",9,7
"nm0461536","tvSpecial","Music",10,9
"nm0461536","tvSpecial","Music",13,8.4
"nm0461536","tvSpecial","Music",55,8
"nm0475937","tvSpecial","Documentary",6,6
"nm0475937","tvSpecial","Documentary",7,6.8
"nm0480044","tvSpecial","Comedy,Family,Music",18,6.8
"nm0480044","tvSpecial","Documentary,History",23,6.1
"nm0481184","tvSpecial","Comedy",11,6.9
"nm0481184","tvSpecial","Music",8,9.3
"nm0481184","tvSpecial","Music",11,5.9
"nm0481184","tvSpecial","Music",15,8.8
"nm0481184","tvSpecial","Music",30,8.8
"nm0490133","tvSpecial","Comedy",254,3.3
"nm0490133","tvSpecial","Comedy",9552,7.9
"nm0490133","tvSpecial","Comedy",11102,8
"nm0490133","tvSpecial","Comedy",11694,8.2
"nm0490133","tvSpecial","Comedy",11985,8.1
"nm0490133","tvSpecial","Comedy",23295,8.1
"nm0490133","tvSpecial","Comedy",24988,8.5
"nm0490133","tvSpecial","Comedy,Documentary",649,7.4
"nm0496417","tvSpecial","Comedy,Music",16,6
"nm0497563","tvSpecial","Comedy,Reality-TV,Short",41,6.5
"nm0513754","tvSpecial","Comedy",106,7.1
"nm0523276","tvSpecial","Music",15,7.8
"nm0523276","tvSpecial","Music",35,7.9
"nm0523276","tvSpecial","Music",36,7.9
"nm0539950","tvSpecial","Music",10,7.8
"nm0546791","tvSpecial","News",52,7
"nm0565063","tvSpecial","Comedy",21,3.5
"nm0565063","tvSpecial","Comedy",23,6.8
"nm0565063","tvSpecial","Comedy",52,6.1
"nm0565063","tvSpecial","Comedy",307,6.7
"nm0565063","tvSpecial","Comedy",555,6.2
"nm0565063","tvSpecial","Comedy",1227,8.3
"nm0565063","tvSpecial","Comedy",2378,7.6
"nm0565063","tvSpecial","Music",120,6.4
"nm0565063","tvSpecial","Music",289,8.5
"nm0573732","tvSpecial","Comedy",27,8.5
"nm0573732","tvSpecial","Talk-Show",6,6.4
"nm0579318","tvSpecial","Comedy",12,6.4
"nm0579318","tvSpecial","Comedy",21,6.9
"nm0579318","tvSpecial","Comedy",911,6.3
"nm0579318","tvSpecial","Comedy",1045,5.7
"nm0579318","tvSpecial","Comedy",1716,7.2
"nm0579318","tvSpecial","Comedy",1751,6.8
"nm0579318","tvSpecial","Comedy,Documentary",77,6.3
"nm0579318","tvSpecial","Documentary,Music",35,9
"nm0579318","tvSpecial","History,Short,Talk-Show",22,7.7
"nm0579318","tvSpecial","Music",6,6
"nm0579318","tvSpecial","Music",7,8.2
"nm0579318","tvSpecial","News",13,6.7
"nm0589106","tvSpecial","Comedy",8,8.3
"nm0589106","tvSpecial","Comedy",10,4.6
"nm0589106","tvSpecial","Comedy",67,8.5
"nm0589106","tvSpecial","Comedy",71,5.7
"nm0589106","tvSpecial","Comedy",95,6.3
"nm0589106","tvSpecial","Comedy",104,6.1
"nm0589106","tvSpecial","Comedy,Documentary",66,5.6
"nm0589106","tvSpecial","Comedy,Documentary",86,5.4
"nm0589106","tvSpecial","Comedy,Documentary",92,6.7
"nm0589106","tvSpecial","Comedy,Documentary",96,4.9
"nm0589106","tvSpecial","Comedy,Documentary",101,6.2
"nm0589106","tvSpecial","Comedy,Documentary",103,5.9
"nm0589106","tvSpecial","Comedy,Documentary",147,6.1
"nm0589106","tvSpecial","Music",7,7.7
"nm0589106","tvSpecial","Music",9,6.3
"nm0589106","tvSpecial","Music",10,7
"nm0589106","tvSpecial","Music",11,7.2
"nm0589106","tvSpecial","Music",17,7.7
"nm0589106","tvSpecial","Music",20,7.9
"nm0589106","tvSpecial","News",22,9.7
"nm0589106","tvSpecial","Talk-Show",9,4.6
"nm0592687","tvSpecial","Comedy,Music",3204,7.3
"nm0592687","tvSpecial","Game-Show",9,5.8
"nm0592687","tvSpecial","Music",13,5.8
"nm0592687","tvSpecial","Music",14,4.9
"nm0595657","tvSpecial","Comedy",1171,6.9
"nm0595657","tvSpecial","Comedy",2197,8
"nm0595657","tvSpecial","Comedy,Documentary",279,5.4
"nm0595657","tvSpecial","Comedy,Talk-Show",1595,8
"nm0614222","tvSpecial","Animation,Documentary,Fantasy",702,7.7
"nm0635620","tvSpecial","Game-Show",119,6
"nm0639994","tvSpecial","Biography",25,8
"nm0651369","tvSpecial","Comedy",78,7.1
"nm0651369","tvSpecial","Comedy",188,7.4
"nm0651369","tvSpecial","Comedy",2112,7.2
"nm0651369","tvSpecial","Comedy,Music",31,6.9
"nm0657632","tvSpecial","Comedy",1575,6.5
"nm0657632","tvSpecial","Comedy",3820,7.2
"nm0657632","tvSpecial","Reality-TV",8,8
"nm0657632","tvSpecial","Reality-TV",14,4.8
"nm0657632","tvSpecial","Reality-TV",38,5.4
"nm0663882","tvSpecial","Music",18,7.8
"nm0663882","tvSpecial","Music",66,6.8
"nm0665889","tvSpecial","Comedy",370,5.6
"nm0665889","tvSpecial","Comedy,Music",8,6.2
"nm0665889","tvSpecial","Family",10,5.8
"nm0665889","tvSpecial","Music",11,8
"nm0665889","tvSpecial","Reality-TV",12,7.1
"nm0676223","tvSpecial","Documentary",6,9
"nm0680580","tvSpecial","Reality-TV",18,8.8
"nm0687390","tvSpecial","Comedy",11,4.4
"nm0687390","tvSpecial","Comedy,Documentary",2754,7.3
"nm0689245","tvSpecial","Comedy",17,7.7
"nm0689245","tvSpecial","Comedy",20,6.8
"nm0689245","tvSpecial","Comedy",32,5.6
"nm0689245","tvSpecial","Comedy",58,6.8
"nm0689245","tvSpecial","Comedy",89,6.9
"nm0689245","tvSpecial","Comedy",94,6.1
"nm0689245","tvSpecial","Comedy",96,5.6
"nm0689245","tvSpecial","Comedy",104,6.8
"nm0689245","tvSpecial","Comedy",119,6.6
"nm0689245","tvSpecial","Comedy",121,6.5
"nm0689245","tvSpecial","Comedy",135,5.9
"nm0689245","tvSpecial","Comedy",192,5.9
"nm0689245","tvSpecial","Comedy",206,4.3
"nm0689245","tvSpecial","Comedy",244,6.8
"nm0689245","tvSpecial","Comedy",248,7.8
"nm0689245","tvSpecial","Comedy",269,5.7
"nm0689245","tvSpecial","Comedy",273,6.7
"nm0689245","tvSpecial","Comedy",327,7
"nm0689245","tvSpecial","Comedy",557,7
"nm0689245","tvSpecial","Comedy",724,7.5
"nm0689245","tvSpecial","Comedy",830,6.9
"nm0689245","tvSpecial","Comedy",1193,6.2
"nm0689245","tvSpecial","Comedy",1318,7.3
"nm0689245","tvSpecial","Comedy",1371,7.9
"nm0689245","tvSpecial","Comedy",1431,7.7
"nm0689245","tvSpecial","Comedy",1625,7.6
"nm0689245","tvSpecial","Comedy",2298,5
"nm0689245","tvSpecial","Comedy",2993,5.8
"nm0689245","tvSpecial","Comedy",5235,7.7
"nm0689245","tvSpecial","Comedy,Documentary",77,6.2
"nm0689245","tvSpecial","Comedy,Documentary",79,6.7
"nm0689245","tvSpecial","Comedy,Documentary",109,6.2
"nm0689245","tvSpecial","Comedy,Documentary",115,6.5
"nm0689245","tvSpecial","Comedy,Documentary",226,5.8
"nm0689245","tvSpecial","Comedy,Documentary",268,7.3
"nm0689245","tvSpecial","Comedy,Documentary",477,7.6
"nm0689245","tvSpecial","Comedy,Music",29,7.2
"nm0689245","tvSpecial","Comedy,Music",205,7.8
"nm0689245","tvSpecial","Comedy,Short",20,7.5
"nm0689245","tvSpecial","Documentary",40,6
"nm0689245","tvSpecial","Music",8,9.3
"nm0689245","tvSpecial","Music",17,8
"nm0689245","tvSpecial","Music",18,7.1
"nm0689245","tvSpecial","Music",23,6.7
"nm0689245","tvSpecial","Music",24,4.9
"nm0689245","tvSpecial","Music",27,7.2
"nm0689245","tvSpecial","Music",30,6.4
"nm0689245","tvSpecial","Music",31,8.5
"nm0689245","tvSpecial","Music",258,7.9
"nm0689245","tvSpecial","Musical",25,6.3
"nm0689245","tvSpecial","Reality-TV",7,6.2
"nm0689245","tvSpecial","Reality-TV",14,5.4
"nm0692714","tvSpecial","Comedy,Documentary",22,7.5
"nm0692714","tvSpecial","Music",6,8.6
"nm0692714","tvSpecial","Music",30,7.3
"nm0715873","tvSpecial","Comedy",7,6
"nm0735416","tvSpecial","Comedy",15,7.5
"nm0735416","tvSpecial","Comedy",21,6.7
"nm0735416","tvSpecial","Comedy",25,6.9
"nm0735416","tvSpecial","Comedy",61,5.5
"nm0735416","tvSpecial","Comedy",63,7.6
"nm0735416","tvSpecial","Comedy",104,7
"nm0735416","tvSpecial","Comedy",121,7.3
"nm0735416","tvSpecial","Comedy",143,5.4
"nm0735416","tvSpecial","Comedy",149,6.2
"nm0735416","tvSpecial","Comedy",153,7.2
"nm0735416","tvSpecial","Comedy",188,7.2
"nm0735416","tvSpecial","Comedy",807,5.3
"nm0735416","tvSpecial","Comedy",1131,8.1
"nm0735416","tvSpecial","Comedy",1710,7.3
"nm0735416","tvSpecial","Comedy",2452,7.5
"nm0735416","tvSpecial","Comedy,Documentary",44,6.8
"nm0735416","tvSpecial","Comedy,Documentary",100,7.8
"nm0735416","tvSpecial","Comedy,Documentary",117,6
"nm0735416","tvSpecial","Comedy,Documentary",141,7.3
"nm0735416","tvSpecial","Comedy,Documentary",202,6.3
"nm0735416","tvSpecial","Comedy,Documentary",268,6.8
"nm0742392","tvSpecial","Comedy,Music",26,4.8
"nm0742392","tvSpecial","Music",6,8.4
"nm0742392","tvSpecial","Music",9,6.4
"nm0742392","tvSpecial","Music",21,5.7
"nm0742392","tvSpecial","Music",30,7
"nm0757084","tvSpecial","Action",7,7.8
"nm0757084","tvSpecial","Action",10,9.4
"nm0768089","tvSpecial","Comedy",344,4.1
"nm0772095","tvSpecial","Drama",1030,8.5
"nm0779185","tvSpecial","Music",11,6.5
"nm0795290","tvSpecial","Comedy,Documentary",1606,7.2
"nm0800301","tvSpecial","Comedy",970,7.2
"nm0800301","tvSpecial","Family,Music",14,5
"nm0806492","tvSpecial","Comedy",25,4.6
"nm0806492","tvSpecial","Comedy",47,5.2
"nm0806492","tvSpecial","Comedy",60,5.9
"nm0806492","tvSpecial","Comedy",79,5.8
"nm0806492","tvSpecial","Comedy",929,6.2
"nm0806492","tvSpecial","Comedy",3124,6
"nm0806492","tvSpecial","Comedy",4209,6.5
"nm0806492","tvSpecial","Comedy,Documentary",50,7.4
"nm0806492","tvSpecial","Comedy,Documentary",67,6
"nm0806492","tvSpecial","Comedy,Documentary",68,6.9
"nm0806492","tvSpecial","Comedy,Documentary",71,7.7
"nm0810026","tvSpecial","Biography,Comedy,Music",9,7
"nm0810026","tvSpecial","Comedy",9,4.8
"nm0817989","tvSpecial","Comedy",18,6.4
"nm0817989","tvSpecial","Comedy",601,7.6
"nm0817989","tvSpecial","Comedy",16883,8
"nm0817989","tvSpecial","Comedy,Talk-Show",9,5.4
"nm0821358","tvSpecial","Music",6,5.2
"nm0821358","tvSpecial","Music",7,5.8
"nm0821358","tvSpecial","Music",8,7.2
"nm0821358","tvSpecial","Music",11,6.7
"nm0821358","tvSpecial","Music",12,7.1
"nm0821358","tvSpecial","Talk-Show",315,7.6
"nm0825731","tvSpecial","Comedy",997,8.1
"nm0854697","tvSpecial","Music",17,8.1
"nm0857130","tvSpecial","Adventure,Comedy,Family",5518,6.5
"nm0865522","tvSpecial","Short",6,7.8
"nm0870186","tvSpecial","Comedy,Documentary",473,6.8
"nm0874133","tvSpecial","Comedy,Documentary",687,7.6
"nm0884299","tvSpecial","Comedy,Documentary",40,6.6
"nm0884299","tvSpecial","Music",7,7.5
"nm0884299","tvSpecial","Music",8,7.4
"nm0884299","tvSpecial","Music",11,7.7
"nm0884299","tvSpecial","Music",15,8.1
"nm0884299","tvSpecial","Music",18,7.5
"nm0884299","tvSpecial","Music",21,7.2
"nm0884299","tvSpecial","Music",24,6.5
"nm0884299","tvSpecial","News",13,7
"nm0887153","tvSpecial","Comedy",10,6.9
"nm0887153","tvSpecial","Comedy",19,7.7
"nm0887153","tvSpecial","Comedy",20,8
"nm0887153","tvSpecial","Comedy",30,7.5
"nm0887153","tvSpecial","Comedy",33,7.7
"nm0887153","tvSpecial","Comedy",89,7.3
"nm0887153","tvSpecial","Comedy",104,7.8
"nm0887153","tvSpecial","Comedy",107,7
"nm0887153","tvSpecial","Comedy",178,5.3
"nm0887153","tvSpecial","Comedy",193,7.8
"nm0887153","tvSpecial","Comedy,Documentary",5,7.8
"nm0887153","tvSpecial","Comedy,Documentary",7,5.7
"nm0887153","tvSpecial","Comedy,Documentary",8,6.9
"nm0887153","tvSpecial","Comedy,Documentary",11,7.4
"nm0887153","tvSpecial","Comedy,Documentary",34,6.8
"nm0887153","tvSpecial","Comedy,Documentary,Short",5,7.8
"nm0887153","tvSpecial","Comedy,Documentary,Short",6,7.95
"nm0899085","tvSpecial","Comedy,Documentary",214,7.9
"nm0901449","tvSpecial","Comedy",7,8.9
"nm0901449","tvSpecial","Comedy",14,6.6
"nm0901449","tvSpecial","Comedy",15,6
"nm0901449","tvSpecial","Comedy",18,7.7
"nm0901449","tvSpecial","Comedy",31,5.65
"nm0901449","tvSpecial","Comedy",56,6.1
"nm0901449","tvSpecial","Comedy",58,7.2
"nm0901449","tvSpecial","Comedy",59,6.9
"nm0901449","tvSpecial","Comedy",60,5.9
"nm0901449","tvSpecial","Comedy",73,6.2
"nm0901449","tvSpecial","Comedy",83,6.7
"nm0901449","tvSpecial","Comedy",102,8.2
"nm0901449","tvSpecial","Comedy",103,6.8
"nm0901449","tvSpecial","Comedy",195,5.7
"nm0901449","tvSpecial","Comedy",200,6.2
"nm0901449","tvSpecial","Comedy",241,6.7
"nm0901449","tvSpecial","Comedy",270,6.4
"nm0901449","tvSpecial","Comedy",435,6
"nm0901449","tvSpecial","Comedy",521,7.4
"nm0901449","tvSpecial","Comedy,Documentary",214,5.8
"nm0916777","tvSpecial","Comedy",9,7.9
"nm0916777","tvSpecial","Music",14,4.8
"nm0918999","tvSpecial","Action,Adventure,Family",57,7.2
"nm0918999","tvSpecial","Biography,Music",27,8.6
"nm0918999","tvSpecial","Comedy,News",161,5.3
"nm0918999","tvSpecial","Documentary",40,6.7
"nm0918999","tvSpecial","Documentary",63,5.3
"nm0918999","tvSpecial","Documentary,Music,Musical",40,5.7
"nm0918999","tvSpecial","Documentary,Music,Musical",124,7.6
"nm0918999","tvSpecial","Documentary,Music,Musical",177,8
"nm0918999","tvSpecial","Family",12,5.6
"nm0918999","tvSpecial","Family",40,6.6
"nm0918999","tvSpecial","Family,Music",15,2.4
"nm0918999","tvSpecial","Family,News",10,6.8
"nm0918999","tvSpecial","Family,News",29,6.8
"nm0918999","tvSpecial","Music",9,8.6
"nm0918999","tvSpecial","Music",14,7.26666666666667
"nm0918999","tvSpecial","Music",15,7
"nm0918999","tvSpecial","Music",16,6.15
"nm0918999","tvSpecial","Music",17,6.85
"nm0918999","tvSpecial","Music",18,6.55
"nm0918999","tvSpecial","Music",20,8.8
"nm0918999","tvSpecial","Music",23,5.4
"nm0918999","tvSpecial","Music",27,4.9
"nm0918999","tvSpecial","Music",52,6.2
"nm0918999","tvSpecial","Music",53,7.5
"nm0918999","tvSpecial","Music",59,7.3
"nm0918999","tvSpecial","Music",62,6.5
"nm0918999","tvSpecial","Music",64,8.8
"nm0918999","tvSpecial","Music",65,6.1
"nm0918999","tvSpecial","Music",75,5.9
"nm0918999","tvSpecial","Music",85,6.7
"nm0918999","tvSpecial","Music",95,5.9
"nm0918999","tvSpecial","Music",96,7.3
"nm0918999","tvSpecial","Music",132,6.9
"nm0918999","tvSpecial","Music",165,8.1
"nm0918999","tvSpecial","Music",256,6.3
"nm0918999","tvSpecial","Music",717,8.4
"nm0918999","tvSpecial","Music",1083,6.5
"nm0918999","tvSpecial","Music",1391,5.3
"nm0918999","tvSpecial","Music",1519,5.6
"nm0918999","tvSpecial","Music",1944,6.7
"nm0918999","tvSpecial","Music",2120,6.4
"nm0918999","tvSpecial","News",11,5.2
"nm0918999","tvSpecial","News",33,7.4
"nm0918999","tvSpecial","News",36,6.3
"nm0918999","tvSpecial","News",44,7
"nm0918999","tvSpecial","News",53,6.9
"nm0918999","tvSpecial","News",179,8.1
"nm0918999","tvSpecial","News",365,6.6
"nm0918999","tvSpecial","News,Reality-TV,Talk-Show",434,6.3
"nm0918999","tvSpecial","Reality-TV",86,7.1
"nm0923935","tvSpecial","Comedy",291,7.4
"nm0923935","tvSpecial","Comedy,Documentary",155,7.2
"nm0926911","tvSpecial","Music",13,9
"nm0926911","tvSpecial","Music",21,7.5
"nm0937306","tvSpecial","Comedy",10,6.9
"nm0938471","tvSpecial","Comedy",2388,7.1
"nm0938471","tvSpecial","Comedy",2397,7.2
"nm0938471","tvSpecial","Comedy,Documentary",779,7.6
"nm0938471","tvSpecial","Comedy,Short",533,6.2
"nm0943063","tvSpecial","News",10,9
"nm0950506","tvSpecial","Comedy,Documentary",933,6.1
"nm0950819","tvSpecial","Comedy,Reality-TV",105,5.3
"nm0950819","tvSpecial","Music",35,7.6
"nm0950819","tvSpecial","Music",245,5
"nm0950819","tvSpecial","Talk-Show",10,3.6
"nm0959774","tvSpecial","Documentary,Music",480,7.9
"nm1015063","tvSpecial","Comedy",46,6.7
"nm1015063","tvSpecial","Comedy",53,6.8
"nm1015063","tvSpecial","Comedy",130,6.9
"nm1015063","tvSpecial","Comedy",206,8.2
"nm1015063","tvSpecial","Comedy",222,7.2
"nm1015063","tvSpecial","Comedy",373,5
"nm1015063","tvSpecial","Comedy",603,5.7
"nm1015063","tvSpecial","Comedy",905,6.4
"nm1015063","tvSpecial","Comedy",921,5.8
"nm1015063","tvSpecial","Comedy",1627,7.2
"nm1015063","tvSpecial","Comedy",2680,8.1
"nm1015063","tvSpecial","Comedy",4378,7.4
"nm1015063","tvSpecial","Comedy",6354,7.6
"nm1015063","tvSpecial","Comedy",6877,7.3
"nm1015063","tvSpecial","Comedy",7085,8.3
"nm1015063","tvSpecial","Comedy",7669,8.3
"nm1015063","tvSpecial","Comedy,Documentary",86,4.5
"nm1015063","tvSpecial","Comedy,Documentary",245,5.2
"nm1015063","tvSpecial","Comedy,Documentary",253,6.8
"nm1015063","tvSpecial","Comedy,Documentary",537,7.7
"nm1015063","tvSpecial","Comedy,Documentary",657,5.9
"nm1015063","tvSpecial","Comedy,Documentary",1098,7.6
"nm1015063","tvSpecial","Comedy,Documentary",2106,7.4
"nm1015063","tvSpecial","Comedy,Documentary",3545,7.6
"nm1015063","tvSpecial","Documentary",23,4.2
"nm1048560","tvSpecial","Comedy",34,6.9
"nm1048560","tvSpecial","Comedy",79,6.8
"nm1048560","tvSpecial","Comedy",89,7
"nm1048560","tvSpecial","Comedy",113,7.15
"nm1048560","tvSpecial","Comedy",174,6.9
"nm1048560","tvSpecial","Comedy",336,6.2
"nm1048560","tvSpecial","Comedy",363,7.5
"nm1048560","tvSpecial","Comedy",368,6.5
"nm1048560","tvSpecial","Comedy",398,6.2
"nm1048560","tvSpecial","Comedy",417,6.2
"nm1048560","tvSpecial","Comedy",438,5.8
"nm1048560","tvSpecial","Comedy",444,7.2
"nm1048560","tvSpecial","Comedy",626,5.6
"nm1048560","tvSpecial","Comedy",701,6.8
"nm1048560","tvSpecial","Comedy",739,7.4
"nm1048560","tvSpecial","Comedy",829,6.4
"nm1048560","tvSpecial","Comedy",853,7.9
"nm1048560","tvSpecial","Comedy",1194,7.1
"nm1048560","tvSpecial","Comedy",1201,6.4
"nm1048560","tvSpecial","Comedy",1260,7.2
"nm1048560","tvSpecial","Comedy",1302,6.2
"nm1048560","tvSpecial","Comedy",1462,6.5
"nm1048560","tvSpecial","Comedy",1635,6.5
"nm1048560","tvSpecial","Comedy",1668,6.8
"nm1048560","tvSpecial","Comedy",2479,7.1
"nm1048560","tvSpecial","Comedy",2866,7.4
"nm1048560","tvSpecial","Comedy",3329,7.2
"nm1048560","tvSpecial","Comedy,Documentary",29,6
"nm1048560","tvSpecial","Comedy,Documentary",48,7.6
"nm1048560","tvSpecial","Comedy,Documentary",117,4.7
"nm1048560","tvSpecial","Comedy,Documentary",130,7.6
"nm1048560","tvSpecial","Comedy,Documentary",156,8
"nm1048560","tvSpecial","Comedy,Documentary",425,7.2
"nm1048560","tvSpecial","Comedy,Documentary",883,7.3
"nm1048560","tvSpecial","Comedy,Documentary",1372,6.5
"nm1048560","tvSpecial","Documentary",2904,8.3
"nm1070598","tvSpecial","Comedy",67,4.8
"nm1070598","tvSpecial","Talk-Show",20,5.6
"nm1083821","tvSpecial","Comedy",1610,7.8
"nm1085757","tvSpecial","Comedy",5,7.6
"nm1094391","tvSpecial","Comedy",24,7.2
"nm1094391","tvSpecial","Comedy,Game-Show",198,7.3
"nm1094391","tvSpecial","Comedy,Game-Show",334,7.6
"nm1094391","tvSpecial","Comedy,Game-Show",400,7.7
"nm1094391","tvSpecial","Comedy,Game-Show",517,7.9
"nm1094391","tvSpecial","Comedy,Game-Show",553,8
"nm1094391","tvSpecial","Comedy,Game-Show",596,7.8
"nm1094391","tvSpecial","Comedy,Game-Show",616,8
"nm1094391","tvSpecial","Comedy,Game-Show",620,7.8
"nm1094391","tvSpecial","Comedy,Game-Show",640,7.8
"nm1094391","tvSpecial","Comedy,Game-Show",673,7.8
"nm1094391","tvSpecial","Comedy,Game-Show",710,7.9
"nm1094391","tvSpecial","Comedy,Game-Show",746,7.9
"nm1094391","tvSpecial","Comedy,Game-Show",832,8
"nm1094391","tvSpecial","Comedy,Game-Show",836,7.9
"nm1094391","tvSpecial","Comedy,Game-Show",843,8
"nm1094391","tvSpecial","Comedy,Game-Show",1010,7.8
"nm1094391","tvSpecial","Comedy,Game-Show",1496,7.9
"nm10949663","tvSpecial","Comedy",9,7.4
"nm10949663","tvSpecial","Comedy,Crime",6,5.2
"nm1098377","tvSpecial","Comedy",30,6.6
"nm1114381","tvSpecial","Documentary",12,4
"nm1114381","tvSpecial","News",24,6.9
"nm1119645","tvSpecial","Comedy",1810,6.8
"nm1119645","tvSpecial","Comedy",1854,7.2
"nm1131716","tvSpecial","Comedy",105,7.7
"nm1143940","tvSpecial","Comedy,Music",11,6.1
"nm1170267","tvSpecial","Comedy,Music",8,6.7
"nm1170267","tvSpecial","News",55,4.5
"nm1196477","tvSpecial","Documentary",7,4.2
"nm1201539","tvSpecial","Music",7,8.7
"nm1202430","tvSpecial","Music",7,7.55
"nm1202430","tvSpecial","Music",8,9.7
"nm1202430","tvSpecial","Music",9,9.2
"nm1202430","tvSpecial","Music",11,8.9
"nm1202430","tvSpecial","Music",13,8
"nm1202430","tvSpecial","Music",14,8.9
"nm1202430","tvSpecial","Music",21,9.3
"nm1202430","tvSpecial","Music",125,7.8
"nm1202430","tvSpecial","Talk-Show",10,6.4
"nm1225956","tvSpecial","Family",14,5.5
"nm1259307","tvSpecial","Comedy,Documentary",225,7
"nm1263027","tvSpecial","Game-Show",7,3.2
"nm1306805","tvSpecial","Comedy,Documentary",440,7.6
"nm1306805","tvSpecial","Music",20,8.6
"nm1306805","tvSpecial","Music,Musical",752,7.7
"nm1309090","tvSpecial","Comedy",506,6.8
"nm1309090","tvSpecial","Comedy",1988,7.5
"nm1309090","tvSpecial","Comedy,Documentary",242,7
"nm1309090","tvSpecial","Documentary",10,8.2
"nm1309090","tvSpecial","Music",10,6.8
"nm1309090","tvSpecial","Music",33,5.2
"nm1337210","tvSpecial","Comedy",212,6.6
"nm1388009","tvSpecial","Comedy",220,6.7
"nm1388009","tvSpecial","Comedy",292,6.7
"nm1388009","tvSpecial","Comedy",446,6.1
"nm1388009","tvSpecial","Short,Talk-Show",14,6.6
"nm1390764","tvSpecial","Comedy",16,5.4
"nm1390764","tvSpecial","Comedy",20,6.3
"nm1390764","tvSpecial","Comedy",31,6.6
"nm1390764","tvSpecial","Comedy",38,5.5
"nm1390764","tvSpecial","Comedy",41,5.9
"nm1390764","tvSpecial","Comedy",42,8.5
"nm1390764","tvSpecial","Comedy",68,7.1
"nm1390764","tvSpecial","Comedy",98,7
"nm1390764","tvSpecial","Comedy",194,7.8
"nm1390764","tvSpecial","Comedy",219,6.8
"nm1390764","tvSpecial","Comedy",400,6.7
"nm1390764","tvSpecial","Comedy,Documentary",16,5.2
"nm1390764","tvSpecial","Comedy,Documentary",17,5.6
"nm1390764","tvSpecial","Comedy,Documentary",20,5.3
"nm1390764","tvSpecial","Comedy,Documentary",22,4.9
"nm1390764","tvSpecial","Comedy,Documentary",29,6
"nm1390764","tvSpecial","Comedy,Documentary",31,5.6
"nm1390764","tvSpecial","Comedy,Documentary",36,6.8
"nm1390764","tvSpecial","Comedy,Documentary",43,6.9
"nm1390764","tvSpecial","Comedy,Documentary",53,5.85
"nm1390764","tvSpecial","Comedy,Documentary",65,6.9
"nm1390764","tvSpecial","Comedy,Documentary",70,6.5
"nm1390764","tvSpecial","Comedy,Documentary",80,7.2
"nm1390764","tvSpecial","Comedy,Documentary",88,7.5
"nm1390764","tvSpecial","Comedy,Documentary",93,6.7
"nm1390764","tvSpecial","Comedy,Documentary",96,7.3
"nm1390764","tvSpecial","Comedy,Documentary",139,7.2
"nm1390764","tvSpecial","Comedy,Documentary",236,7.1
"nm1390764","tvSpecial","Comedy,Documentary",259,6.6
"nm1390764","tvSpecial","Comedy,Documentary",297,8.2
"nm1410292","tvSpecial","Music",7,9.2
"nm1410292","tvSpecial","Music",9,8.9
"nm1410798","tvSpecial","Comedy",20,6.9
"nm1444412","tvSpecial","Comedy",2448,7.2
"nm1457361","tvSpecial","Reality-TV",8,8.2
"nm1469191","tvSpecial","Comedy",24,8.5
"nm1469191","tvSpecial","Comedy",483,8.5
"nm1469191","tvSpecial","Comedy,Documentary",311,7.7
"nm1541136","tvSpecial","Music",13,6.5
"nm1541136","tvSpecial","Music",34,4
"nm1541136","tvSpecial","Music",144,8.5
"nm1541136","tvSpecial","News",12,6.6
"nm1566468","tvSpecial","Music",7,4.5
"nm1566468","tvSpecial","Music",64,8.1
"nm1608926","tvSpecial","Comedy",7,4.5
"nm1608926","tvSpecial","Comedy",9,6.2
"nm1608926","tvSpecial","Comedy",13,5.5
"nm1608926","tvSpecial","Comedy",381,6.3
"nm1608926","tvSpecial","Comedy",1076,7.2
"nm1608926","tvSpecial","Comedy",1163,6.6
"nm1608926","tvSpecial","Comedy,Documentary",164,7.2
"nm1608926","tvSpecial","Documentary,Music,Musical",212,8.3
"nm1608926","tvSpecial","Music",7,5.6
"nm1608926","tvSpecial","Music",55,8.2
"nm1630927","tvSpecial","Reality-TV",22,6.5
"nm1633071","tvSpecial","Comedy",5,6
"nm1637779","tvSpecial","Music",14,6.1
"nm1637779","tvSpecial","Music",15,6.6
"nm1637779","tvSpecial","Music",23,6.65
"nm1637779","tvSpecial","Music",36,6.1
"nm1637779","tvSpecial","Music",38,6.5
"nm1637779","tvSpecial","Music",43,6.4
"nm1658104","tvSpecial","Comedy",8058,8
"nm1658104","tvSpecial","Comedy,Family,Musical",3414,7.5
"nm1742493","tvSpecial","Reality-TV,Sport",80,8.5
"nm1746946","tvSpecial","Comedy",48,4.4
"nm1746946","tvSpecial","Comedy",163,4.7
"nm1746946","tvSpecial","Comedy",456,5.3
"nm1746946","tvSpecial","Comedy,Documentary",212,5.9
"nm1762961","tvSpecial","Comedy",40,5.4
"nm1762961","tvSpecial","Comedy",314,5.8
"nm1762961","tvSpecial","Comedy",349,4.9
"nm1762961","tvSpecial","Comedy",1815,7.1
"nm1762961","tvSpecial","Comedy,Documentary",55,7.7
"nm1776036","tvSpecial","Drama,Music",9,7
"nm1802221","tvSpecial","Music",6,8.4
"nm1802221","tvSpecial","Music",9,6.9
"nm1802221","tvSpecial","Music",11,8.1
"nm1802221","tvSpecial","Music",12,8.9
"nm1802221","tvSpecial","Music",45,8.9
"nm1912959","tvSpecial","Comedy",193,6.8
"nm1977578","tvSpecial","Comedy",2564,7.2
"nm1977578","tvSpecial","Comedy",3858,7.4
"nm1991822","tvSpecial","Comedy",6,7
"nm1991822","tvSpecial","Comedy",19,7.9
"nm1991822","tvSpecial","Comedy",24,7.8
"nm1991822","tvSpecial","Comedy",26,7.1
"nm1991822","tvSpecial","Comedy",34,7.6
"nm1991822","tvSpecial","Comedy",38,7.4
"nm1991822","tvSpecial","Comedy,Documentary",7,7.4
"nm1991822","tvSpecial","Comedy,Documentary",21,8.1
"nm1991822","tvSpecial","Comedy,Documentary",22,7.4
"nm1991822","tvSpecial","Comedy,Documentary",37,6.7
"nm1991822","tvSpecial","Comedy,Documentary",54,7
"nm1991822","tvSpecial","Comedy,Documentary",72,7.5
"nm1992171","tvSpecial","Musical",292,2
"nm2078274","tvSpecial","Comedy,Talk-Show",361,3.9
"nm2081630","tvSpecial","Comedy,Reality-TV",124,6.9
"nm2093621","tvSpecial","Comedy",11,4.3
"nm2093621","tvSpecial","Comedy",16,6.6
"nm2093621","tvSpecial","Music",9,7.15
"nm2093621","tvSpecial","Music",10,9
"nm2093621","tvSpecial","Music",11,9.2
"nm2093621","tvSpecial","Music",14,8.8
"nm2093621","tvSpecial","Music",15,7.15
"nm2093621","tvSpecial","Music",17,7.9
"nm2093621","tvSpecial","Music",30,7.9
"nm2093621","tvSpecial","Music",39,8.2
"nm2093621","tvSpecial","Music",42,8.1
"nm2093621","tvSpecial","Music",48,7.7
"nm2093621","tvSpecial","Music",97,8.2
"nm2093621","tvSpecial","Music",664,6.4
"nm2093621","tvSpecial","Music,Reality-TV",35,7
"nm2093621","tvSpecial","Musical",18,4.7
"nm2093621","tvSpecial","Mystery,Short",19,8.4
"nm2093621","tvSpecial","Short",17,7.9
"nm2093621","tvSpecial","Talk-Show",945,5.1
"nm2161247","tvSpecial","Comedy",9,7.3
"nm2222613","tvSpecial","Documentary",338,7.8
"nm2269530","tvSpecial","Comedy",4122,7.4
"nm2269530","tvSpecial","Comedy",4334,7.4
"nm2269530","tvSpecial","Sport",7,5.4
"nm2269530","tvSpecial","Sport",8,5
"nm2269530","tvSpecial","Sport",17,7.05
"nm2269530","tvSpecial","Sport",20,7.5
"nm2269530","tvSpecial","Sport",28,6.2
"nm2269530","tvSpecial","Sport",30,6.9
"nm2269530","tvSpecial","Sport",49,6.9
"nm2269530","tvSpecial","Sport",71,7
"nm2269530","tvSpecial","Sport",88,7.7
"nm2269530","tvSpecial","Sport",111,7.9
"nm2296554","tvSpecial","Adventure",7,5.3
"nm2296554","tvSpecial","Reality-TV",7,7
"nm2300053","tvSpecial","Sport",26,6.1
"nm2352792","tvSpecial","Comedy,Reality-TV,Talk-Show",16,8.3
"nm2359736","tvSpecial","Music",6,8.7
"nm2359736","tvSpecial","Music",11,6.9
"nm2359736","tvSpecial","Music",13,8.2
"nm2411321","tvSpecial","Documentary,Music",163,7.6
"nm2421954","tvSpecial","Reality-TV",3581,7.5
"nm2427231","tvSpecial","Comedy",56,7.6
"nm2443644","tvSpecial","Comedy,Game-Show",7,4
"nm2443644","tvSpecial","Comedy,Game-Show",13,5.8
"nm2443644","tvSpecial","Comedy,Game-Show",341,6.8
"nm2443644","tvSpecial","History,Talk-Show,War",9,7
"nm2443644","tvSpecial","Talk-Show",7,2.4
"nm2443644","tvSpecial","Talk-Show",13,5.6
"nm2503466","tvSpecial","Comedy",22,6.3
"nm2541017","tvSpecial","Reality-TV",1050,4.8
"nm2575681","tvSpecial","Biography,Documentary,Family",20,7.4
"nm2667446","tvSpecial","Comedy",7,4.6
"nm2774033","tvSpecial","Comedy",66,5
"nm2774033","tvSpecial","Comedy",82,7.1
"nm2774033","tvSpecial","Comedy",262,6.1
"nm2774033","tvSpecial","Comedy",283,5.9
"nm2774033","tvSpecial","Comedy",316,6.4
"nm2774033","tvSpecial","Comedy",376,6.4
"nm2774033","tvSpecial","Comedy",631,7.2
"nm2774033","tvSpecial","Comedy",3827,7.3
"nm2774033","tvSpecial","Comedy",5000,7.3
"nm2777326","tvSpecial","Comedy,Documentary",465,6.1
"nm2829542","tvSpecial","Biography,Documentary,Music",796,8.1
"nm2829542","tvSpecial","Documentary,Music",4838,8.4
"nm2829542","tvSpecial","Music",7,6
"nm2829542","tvSpecial","Music",8,9.7
"nm2829542","tvSpecial","Music",21,9
"nm2829542","tvSpecial","Music",37,3.6
"nm2829542","tvSpecial","Music",41,8.5
"nm2829542","tvSpecial","Music",134,7.4
"nm2829542","tvSpecial","Music",136,7.3
"nm2829542","tvSpecial","Music",294,8.5
"nm2936539","tvSpecial","Comedy",99,5.6
"nm2953454","tvSpecial","Comedy",38,7.5
"nm2953454","tvSpecial","Comedy",87,8.2
"nm2953454","tvSpecial","Comedy",273,5.2
"nm2953454","tvSpecial","Comedy",332,6.1
"nm2953454","tvSpecial","Comedy",493,7.2
"nm2953454","tvSpecial","Comedy",500,7.2
"nm2953454","tvSpecial","Comedy",752,6.4
"nm2953454","tvSpecial","Comedy",906,7.3
"nm2953454","tvSpecial","Comedy",1281,7.2
"nm2953454","tvSpecial","Comedy",1304,6.9
"nm2953454","tvSpecial","Comedy",3393,7.4
"nm2953454","tvSpecial","Comedy",5187,8.4
"nm2953454","tvSpecial","Comedy",5265,8.1
"nm2953454","tvSpecial","Comedy",5443,7.6
"nm2953454","tvSpecial","Comedy,Documentary",106,6.4
"nm2953454","tvSpecial","Comedy,Documentary",123,7
"nm2953454","tvSpecial","Comedy,Documentary",137,6.5
"nm2953454","tvSpecial","Comedy,Documentary",270,7.5
"nm2953454","tvSpecial","Comedy,Music",3594,8.2
"nm2981664","tvSpecial","Music",17,6.3
"nm3006224","tvSpecial","Reality-TV,Talk-Show",28,2.8
"nm3017513","tvSpecial","Reality-TV",8,6.5
"nm3096949","tvSpecial","Documentary",209,8.1
"nm3429759","tvSpecial","Crime",24,8.2
"nm3521871","tvSpecial","Comedy,Reality-TV",1212,5.9
"nm3532802","tvSpecial","Family,Musical",8,6.6
"nm3532802","tvSpecial","Music",6,1
"nm3532802","tvSpecial","Music",27,5.4
"nm3606219","tvSpecial","Comedy",10,5.5
"nm3606219","tvSpecial","Comedy",13,7.1
"nm3606219","tvSpecial","Comedy",18,7.4
"nm3606219","tvSpecial","Comedy",28,5.6
"nm3606219","tvSpecial","Comedy",30,5
"nm3606219","tvSpecial","Comedy",40,7.2
"nm3606219","tvSpecial","Comedy",51,6.4
"nm3606219","tvSpecial","Comedy,Documentary",14,5.9
"nm3606219","tvSpecial","Comedy,Documentary",54,7.3
"nm3606219","tvSpecial","Comedy,Documentary",61,6.4
"nm3606219","tvSpecial","Comedy,Documentary",278,7.4
"nm3611349","tvSpecial","Comedy,Documentary",1272,6.7
"nm3624073","tvSpecial","Talk-Show",8,7.2
"nm3632964","tvSpecial","Comedy",1228,7.1
"nm3642840","tvSpecial","Comedy",133,8.2
"nm3653860","tvSpecial","Comedy",18,5.9
"nm3774181","tvSpecial","Comedy",2368,6.2
"nm3774181","tvSpecial","Talk-Show",76,8.4
"nm3846239","tvSpecial","Comedy",297,7.4
"nm3846239","tvSpecial","Comedy",405,5.9
"nm3846239","tvSpecial","Comedy",672,7
"nm3846239","tvSpecial","Comedy",6954,8.3
"nm3881901","tvSpecial","Comedy",34,6.2
"nm3881901","tvSpecial","Comedy",116,7.4
"nm3995743","tvSpecial","Crime",9,8.3
"nm4266805","tvSpecial","Comedy,Music",15,9
"nm4523265","tvSpecial","Action,Sport",6,6
"nm4523265","tvSpecial","Sport",11,7.5
"nm4523265","tvSpecial","Sport",14,7
"nm4552237","tvSpecial","Talk-Show",13,5.5
"nm4811700","tvSpecial","Comedy",399,6.4
"nm5342427","tvSpecial","Comedy",2218,7.4
"nm5418890","tvSpecial","Crime,Thriller",5,5.8
"nm6407752","tvSpecial","Crime,Documentary",30,6.3
"nm6811809","tvSpecial","Documentary",12,8
"nm7006963","tvSpecial","Comedy",77,4.5
"nm7006963","tvSpecial","Comedy",97,7.2
"nm7006963","tvSpecial","Comedy",317,8
"nm7006963","tvSpecial","Comedy",368,7.5
"nm7646927","tvSpecial","Comedy",6,5.7
"nm7646927","tvSpecial","Comedy",7,6.06666666666667
"nm7646927","tvSpecial","Comedy",8,6.7
"nm7646927","tvSpecial","Comedy",9,5.9
"nm7646927","tvSpecial","Comedy",10,5.8
"nm7646927","tvSpecial","Comedy",13,6
"nm7646927","tvSpecial","Comedy",16,7.3
"nm7646927","tvSpecial","Comedy",17,6.9
"nm7646927","tvSpecial","Comedy",21,5.3
"nm7646927","tvSpecial","Comedy",296,3.8
"nm7646927","tvSpecial","Game-Show",6,4.8
"nm7646927","tvSpecial","Game-Show",16,2.8
"nm8093244","tvSpecial","Sci-Fi",7,8.9
"nm9301788","tvSpecial","Comedy",98,9.6
"nm9301788","tvSpecial","News,Reality-TV,Short",99,9.8
